{
    "accuracy": 0.9527186761229315,
    "precision": 0.9536544533350824,
    "recall": 0.9527186761229315,
    "f1_score": 0.9527172857857327,
    "roc_auc": 0.9972194002078855,
    "confusion_matrix": [
        [
            55,
            1,
            0,
            0,
            0,
            0,
            0
        ],
        [
            4,
            55,
            0,
            0,
            0,
            3,
            0
        ],
        [
            0,
            0,
            74,
            2,
            0,
            0,
            2
        ],
        [
            0,
            0,
            1,
            57,
            0,
            0,
            0
        ],
        [
            0,
            0,
            0,
            0,
            63,
            0,
            0
        ],
        [
            0,
            2,
            0,
            0,
            0,
            53,
            1
        ],
        [
            0,
            0,
            0,
            0,
            0,
            4,
            46
        ]
    ]
}