{
    "test_loss": 0.1582990288734436,
    "test_accuracy": 0.9527186751365662
}