{
    "test_loss": 0.1620650738477707,
    "test_accuracy": 0.9408983588218689
}