{
    "test_loss": 0.1416386216878891,
    "test_accuracy": 0.9527186751365662
}